数据集,RMSE,MAE,R2
训练集,33.066766650719174,22.419850375311263,0.8485136263660956
测试集,64.18591566876573,46.40328553223065,0.4338009659945524
