Model,RMSE,MAE,R2
LinearRegression,55.585629416440476,40.04922525216415,0.5439272979377664
RandomForest,61.10923860347888,39.616228310076735,0.4394576346580492
DecisionTree,78.68713243629298,50.348531657443345,0.05703513631136581
